{
    "loss": 0.09119827300310135,
    "accuracy": 0.9768999814987183
}