iter	Logloss
0	0.5223815618
1	0.4002871355
2	0.2943732101
3	0.2253928924
4	0.1679235851
5	0.1314414597
6	0.1000783608
7	0.07665716772
8	0.0587105579
9	0.04574041803
